    0.0200,  255.0000
    0.0400,  255.0000
    0.0600,  255.0000
    0.0800,  255.0000
    0.1000,  255.0000
    0.1200,  255.0000
    0.1400,  255.0000
    0.1600,  255.0000
    0.1800,  255.0000
    0.2000,  255.0000
    0.2200,  255.0000
    0.2400,  255.0000
    0.2600,  255.0000
    0.2800,  255.0000
    0.3000,  255.0000
    0.3200,  255.0000
    0.3400,  255.0000
    0.3600,  255.0000
    0.3800,  255.0000
    0.4000,  255.0000
    0.4200,  255.0000
    0.4400,  255.0000
    0.4600,  255.0000
    0.4800,  255.0000
    0.5000,  255.0000
    0.5200,  255.0000
    0.5400,  255.0000
    0.5600,  255.0000
    0.5800,  255.0000
    0.6000,  255.0000
    0.6200,  255.0000
    0.6400,  255.0000
    0.6600,  255.0000
    0.6800,  255.0000
    0.7000,  255.0000
    0.7200,  255.0000
    0.7400,  255.0000
    0.7600,  255.0000
    0.7800,  255.0000
    0.8000,  255.0000
    0.8200,  255.0000
    0.8400,  255.0000
    0.8600,  255.0000
    0.8800,  255.0000
    0.9000,  255.0000
    0.9200,  255.0000
    0.9400,  255.0000
    0.9600,  255.0000
    0.9800,  255.0000
    1.0000,  255.0000
    1.0200,  255.0000
    1.0400,  255.0000
    1.0600,  255.0000
    1.0800,  255.0000
    1.1000,  255.0000
    1.1200,  255.0000
    1.1400,  255.0000
    1.1600,  255.0000
    1.1800,  255.0000
    1.2000,  255.0000
    1.2200,  255.0000
    1.2400,  255.0000
    1.2600,  255.0000
    1.2800,  255.0000
    1.3000,  255.0000
    1.3200,  255.0000
    1.3400,  255.0000
    1.3600,  255.0000
    1.3800,  255.0000
    1.4000,  255.0000
    1.4200,  255.0000
    1.4400,  255.0000
    1.4600,  255.0000
    1.4800,  255.0000
    1.5000,  255.0000
    1.5200,  255.0000
    1.5400,  255.0000
    1.5600,  255.0000
    1.5800,  255.0000
    1.6000,  255.0000
    1.6200,  255.0000
    1.6400,  255.0000
    1.6600,  255.0000
    1.6800,  255.0000
    1.7000,  255.0000
    1.7200,  255.0000
    1.7400,  255.0000
    1.7600,  255.0000
    1.7800,  255.0000
    1.8000,  255.0000
    1.8200,  255.0000
    1.8400,  255.0000
    1.8600,  255.0000
    1.8800,  255.0000
    1.9000,  255.0000
    1.9200,  255.0000
    1.9400,  255.0000
    1.9600,  255.0000
    1.9800,  255.0000
    2.0000,  255.0000
    2.0200,  255.0000
    2.0400,  255.0000
    2.0600,  255.0000
    2.0800,  255.0000
    2.1000,  255.0000
    2.1200,  255.0000
    2.1400,  255.0000
    2.1600,  255.0000
    2.1800,  255.0000
    2.2000,  255.0000
    2.2200,  255.0000
    2.2400,  255.0000
    2.2600,  255.0000
    2.2800,  255.0000
    2.3000,  255.0000
    2.3200,  255.0000
    2.3400,  255.0000
    2.3600,  255.0000
    2.3800,  255.0000
    2.4000,  255.0000
    2.4200,  255.0000
    2.4400,  255.0000
    2.4600,  255.0000
    2.4800,  255.0000
    2.5000,  255.0000
    2.5200,  255.0000
    2.5400,  255.0000
    2.5600,  255.0000
    2.5800,  255.0000
    2.6000,  255.0000
    2.6200,  255.0000
    2.6400,  255.0000
    2.6600,  255.0000
    2.6800,  255.0000
    2.7000,  255.0000
    2.7200,  255.0000
    2.7400,  255.0000
    2.7600,  255.0000
    2.7800,  255.0000
    2.8000,  255.0000
    2.8200,  255.0000
    2.8400,  255.0000
    2.8600,  255.0000
    2.8800,  255.0000
    2.9000,  255.0000
    2.9200,  255.0000
    2.9400,  255.0000
    2.9600,  255.0000
    2.9800,  255.0000
    3.0000,  255.0000
    3.0200,  255.0000
    3.0400,  255.0000
    3.0600,  255.0000
    3.0800,  255.0000
    3.1000,  255.0000
    3.1200,  255.0000
    3.1400,  255.0000
    3.1600,  255.0000
    3.1800,  255.0000
    3.2000,  255.0000
    3.2200,  255.0000
    3.2400,  255.0000
    3.2600,  255.0000
    3.2800,  255.0000
    3.3000,  255.0000
    3.3200,  255.0000
    3.3400,  255.0000
    3.3600,  255.0000
    3.3800,  255.0000
    3.4000,  255.0000
    3.4200,  255.0000
    3.4400,  255.0000
    3.4600,  255.0000
    3.4800,  255.0000
    3.5000,  255.0000
    3.5200,  255.0000
    3.5400,  255.0000
    3.5600,  255.0000
    3.5800,  255.0000
    3.6000,  255.0000
    3.6200,  255.0000
    3.6400,  255.0000
    3.6600,  255.0000
    3.6800,  162.3969
    3.7000,  163.2368
    3.7200,  154.8587
    3.7400,  149.3626
    3.7600,  152.4993
    3.7800,  163.6994
    3.8000,  165.5158
    3.8200,  162.6535
    3.8400,  161.6689
    3.8600,  160.7127
    3.8800,  159.4229
    3.9000,  162.0723
    3.9200,  159.3537
    3.9400,  159.6494
    3.9600,  158.6055
    3.9800,  150.8624
    4.0000,  146.1806
    4.0200,  144.9646
    4.0400,  147.5297
    4.0600,  141.3837
    4.0800,  142.3682
    4.1000,  141.9292
    4.1200,  141.4007
    4.1400,  143.0752
    4.1600,  145.8768
    4.1800,  145.3409
    4.2000,  145.3538
    4.2200,  143.9516
    4.2400,  143.5453
    4.2600,  146.7246
    4.2800,  145.2137
    4.3000,  144.3509
    4.3200,  147.9141
    4.3400,  149.9639
    4.3600,  140.5130
    4.3800,  139.6769
    4.4000,  139.6219
    4.4200,  145.8694
    4.4400,  146.9488
    4.4600,  145.2012
    4.4800,  145.3370
    4.5000,  139.3013
    4.5200,  138.3512
    4.5400,  140.6918
    4.5600,  136.7990
    4.5800,  138.2183
    4.6000,  138.8074
    4.6200,  137.7815
    4.6400,  136.6991
    4.6600,  135.5079
    4.6800,  133.9572
    4.7000,  138.7831
    4.7200,  134.6786
    4.7400,  132.9272
    4.7600,  132.1314
    4.7800,  136.0031
    4.8000,  131.0825
    4.8200,  131.1115
    4.8400,  133.4776
    4.8600,  136.3081
    4.8800,  135.8823
    4.9000,  132.4561
    4.9200,  135.7661
    4.9400,  135.6859
    4.9600,  135.5390
    4.9800,  135.3574
    5.0000,  135.0969
    5.0200,  135.1138
    5.0400,  135.1072
    5.0600,  134.9447
    5.0800,  135.0825
    5.1000,  135.1004
    5.1200,  135.1850
    5.1400,  135.1307
    5.1600,  135.4658
    5.1800,  135.5456
    5.2000,  135.0246
    5.2200,  135.4517
    5.2400,  135.4522
    5.2600,  135.4838
    5.2800,  135.5722
    5.3000,  135.1747
    5.3200,  134.4553
    5.3400,  134.0108
    5.3600,  133.5996
    5.3800,  132.6203
    5.4000,  132.8985
    5.4200,  132.3368
    5.4400,  132.2017
    5.4600,  132.3473
    5.4800,  132.3745
    5.5000,  132.1160
    5.5200,  132.5003
    5.5400,  132.4417
    5.5600,  132.7394
    5.5800,  133.0806
    5.6000,  131.7276
    5.6200,  132.3102
    5.6400,  132.6391
    5.6600,  132.6817
    5.6800,  133.2218
    5.7000,  133.9382
    5.7200,  134.1383
    5.7400,  134.3508
    5.7600,  134.5446
    5.7800,  133.8120
    5.8000,  133.5366
    5.8200,  132.8126
    5.8400,  131.8693
    5.8600,  130.9010
    5.8800,  130.1955
    5.9000,  129.2315
    5.9200,  129.0745
    5.9400,  128.5028
    5.9600,  127.6347
    5.9800,  126.9596
    6.0000,  126.2327
    6.0200,  125.6172
    6.0400,  125.2742
    6.0600,  124.8485
    6.0800,  124.1048
    6.1000,  124.0589
    6.1200,  120.1779
    6.1400,  123.3077
    6.1600,  128.0141
    6.1800,  133.1343
    6.2000,  131.9929
    6.2200,  131.4838
    6.2400,  131.0521
    6.2600,  130.7409
    6.2800,  129.5882
    6.3000,  130.2565
    6.3200,  129.8463
    6.3400,  129.5649
    6.3600,  129.1450
    6.3800,  129.2249
    6.4000,  128.6163
    6.4200,  127.8839
    6.4400,  127.4661
    6.4600,  126.4601
    6.4800,  124.8042
    6.5000,  123.9166
    6.5200,  122.9399
    6.5400,  121.6213
    6.5600,  122.2867
    6.5800,  120.5942
    6.6000,  118.9134
    6.6200,  120.3976
    6.6400,  118.6342
    6.6600,  116.5003
    6.6800,  114.2009
    6.7000,  114.3252
    6.7200,  113.1485
    6.7400,  111.9772
    6.7600,  113.2697
    6.7800,  110.8331
    6.8000,  109.3870
    6.8200,  110.7100
    6.8400,  110.6675
    6.8600,  110.0489
    6.8800,  111.9578
    6.9000,  112.1135
    6.9200,  115.9396
    6.9400,  118.4648
    6.9600,  123.7801
    6.9800,  125.8191
    7.0000,  129.3651
    7.0200,  134.2295
    7.0400,  134.9581
    7.0600,  136.8325
    7.0800,  137.7558
    7.1000,  137.7553
    7.1200,  137.6755
    7.1400,  137.4274
    7.1600,  137.4232
    7.1800,  137.3378
    7.2000,  137.8483
    7.2200,  137.7264
    7.2400,  137.9189
    7.2600,  138.2686
    7.2800,  138.4834
    7.3000,  138.2526
    7.3200,  138.2916
    7.3400,  137.8377
    7.3600,  137.9676
    7.3800,  137.5599
    7.4000,  136.3829
    7.4200,  135.9638
    7.4400,  135.7820
    7.4600,  135.1470
    7.4800,  135.3964
    7.5000,  135.6311
    7.5200,  135.9966
    7.5400,  136.2843
    7.5600,  137.0608
    7.5800,  136.8267
    7.6000,  137.1564
    7.6200,  137.6944
    7.6400,  137.3158
    7.6600,  137.2494
    7.6800,  136.8508
    7.7000,  136.4277
    7.7200,  136.0408
    7.7400,  135.9225
    7.7600,  136.2313
    7.7800,  136.3869
    7.8000,  136.5045
    7.8200,  136.8435
    7.8400,  137.1107
    7.8600,  137.5176
    7.8800,  137.7500
    7.9000,  138.2136
    7.9200,  138.1245
    7.9400,  138.1149
    7.9600,  137.9804
    7.9800,  137.5055
    8.0000,  137.1799
    8.0200,  137.0448
    8.0400,  136.9915
    8.0600,  137.0904
    8.0800,  137.2654
    8.1000,  137.3645
    8.1200,  138.2327
    8.1400,  138.4643
    8.1600,  138.6016
    8.1800,  138.7713
    8.2000,  138.8821
    8.2200,  138.7524
    8.2400,  138.6216
    8.2600,  137.9855
    8.2800,  137.3890
    8.3000,  136.4740
    8.3200,  135.1243
    8.3400,  133.6754
    8.3600,  132.0792
    8.3800,  130.6399
    8.4000,  131.1308
    8.4200,  129.6974
    8.4400,  128.7527
    8.4600,  127.7948
    8.4800,  129.2560
    8.5000,  128.4761
    8.5200,  128.1160
    8.5400,  126.9088
    8.5600,  125.1391
    8.5800,  127.5612
    8.6000,  126.5352
    8.6200,  126.8938
    8.6400,  126.7387
    8.6600,  130.2064
    8.6800,  130.0832
    8.7000,  131.4284
    8.7200,  132.1484
    8.7400,  132.9885
    8.7600,  133.1251
    8.7800,  134.5601
    8.8000,  134.8902
    8.8200,  134.7288
    8.8400,  134.7596
    8.8600,  134.8434
    8.8800,  134.9485
    8.9000,  135.2025
    8.9200,  136.9281
    8.9400,  136.7235
    8.9600,  136.6872
    8.9800,  136.1238
    9.0000,  135.9764
    9.0200,  136.4755
    9.0400,  137.0967
    9.0600,  137.6763
    9.0800,  138.8238
    9.1000,  139.5735
    9.1200,  140.0394
    9.1400,  140.4043
    9.1600,  141.4822
    9.1800,  141.3988
    9.2000,  141.6805
    9.2200,  141.8263
    9.2400,  141.8831
    9.2600,  142.2183
    9.2800,  142.0738
    9.3000,  142.3070
    9.3200,  142.4040
    9.3400,  142.6012
    9.3600,  142.8119
    9.3800,  143.0878
    9.4000,  143.1336
    9.4200,  143.1644
    9.4400,  143.2870
    9.4600,  142.9238
    9.4800,  142.9910
    9.5000,  143.0025
    9.5200,  142.6121
    9.5400,  142.0597
    9.5600,  141.5165
    9.5800,  140.4912
    9.6000,  138.9182
    9.6200,  137.1567
    9.6400,  134.0543
    9.6600,  133.5774
    9.6800,  129.8858
    9.7000,  125.6445
    9.7200,  122.2650
    9.7400,  120.8178
    9.7600,  118.3932
    9.7800,  116.8310
    9.8000,  115.3732
    9.8200,  114.8908
    9.8400,  115.4055
    9.8600,  113.5019
    9.8800,  116.2904
    9.9000,  115.0507
    9.9200,  118.6855
    9.9400,  118.4859
    9.9600,  122.2334
    9.9800,  122.6313
   10.0000,  123.7694
   10.0200,  128.4955
   10.0400,  130.2839
   10.0600,  131.1513
   10.0800,  134.9247
   10.1000,  136.1921
   10.1200,  137.7192
   10.1400,  138.6886
   10.1600,  139.6542
   10.1800,  140.7235
   10.2000,  140.9873
   10.2200,  142.9280
   10.2400,  143.5850
   10.2600,  143.6296
   10.2800,  144.2454
   10.3000,  144.6115
   10.3200,  144.8203
   10.3400,  145.6014
   10.3600,  145.3421
   10.3800,  145.8021
   10.4000,  146.1903
   10.4200,  146.1816
   10.4400,  146.5212
   10.4600,  146.9049
   10.4800,  146.7302
   10.5000,  146.8415
   10.5200,  146.9556
   10.5400,  146.9267
   10.5600,  146.9850
   10.5800,  147.2298
   10.6000,  147.3256
   10.6200,  146.9103
   10.6400,  146.9706
   10.6600,  146.9116
   10.6800,  147.1018
   10.7000,  146.9521
   10.7200,  147.2581
   10.7400,  146.9861
   10.7600,  147.0717
   10.7800,  147.1776
   10.8000,  147.0632
   10.8200,  146.9407
   10.8400,  147.0943
   10.8600,  147.0475
   10.8800,  147.1018
   10.9000,  147.2334
   10.9200,  147.2727
   10.9400,  147.4696
   10.9600,  147.5893
   10.9800,  147.6654
   11.0000,  147.7483
   11.0200,  147.8576
   11.0400,  147.6577
   11.0600,  147.7974
   11.0800,  148.0232
   11.1000,  147.8660
   11.1200,  147.7198
   11.1400,  147.7724
   11.1600,  147.8055
   11.1800,  147.7942
   11.2000,  147.9107
   11.2200,  147.9838
   11.2400,  147.9124
   11.2600,  147.8583
   11.2800,  147.7503
   11.3000,  147.6624
   11.3200,  147.7017
   11.3400,  147.9159
   11.3600,  147.8794
   11.3800,  147.8005
   11.4000,  147.7876
   11.4200,  147.8383
   11.4400,  147.9363
   11.4600,  147.9284
   11.4800,  147.9796
   11.5000,  148.0589
   11.5200,  148.1187
   11.5400,  148.3743
   11.5600,  148.3590
   11.5800,  148.4207
   11.6000,  148.4408
   11.6200,  148.5541
   11.6400,  148.4986
   11.6600,  148.5812
   11.6800,  148.6523
   11.7000,  148.7281
   11.7200,  148.6853
   11.7400,  148.7122
   11.7600,  148.6833
   11.7800,  148.9331
   11.8000,  148.9501
   11.8200,  149.0077
   11.8400,  149.0938
   11.8600,  148.9884
   11.8800,  149.2163
   11.9000,  148.9657
   11.9200,  149.2030
   11.9400,  149.1036
   11.9600,  149.1709
   11.9800,  149.1958
   12.0000,  149.2639
   12.0200,  149.1816
   12.0400,  149.3899
   12.0600,  149.3171
   12.0800,  149.2938
   12.1000,  149.3562
   12.1200,  149.0147
   12.1400,  149.2185
   12.1600,  149.3397
   12.1800,  149.2890
   12.2000,  149.4514
   12.2200,  149.2236
   12.2400,  148.8778
   12.2600,  149.0824
   12.2800,  149.0335
   12.3000,  149.0228
   12.3200,  149.0056
   12.3400,  148.9374
   12.3600,  148.8620
   12.3800,  148.8339
   12.4000,  148.7786
   12.4200,  148.6997
   12.4400,  148.6794
   12.4600,  148.6284
   12.4800,  148.3716
   12.5000,  148.3584
   12.5200,  148.3743
   12.5400,  148.2223
   12.5600,  148.3544
   12.5800,  148.4503
   12.6000,  148.3888
   12.6200,  148.5634
   12.6400,  148.5990
   12.6600,  148.4779
   12.6800,  148.4877
   12.7000,  148.5127
   12.7200,  148.2534
   12.7400,  148.1357
   12.7600,  148.1670
   12.7800,  147.9108
   12.8000,  148.0354
   12.8200,  147.8689
   12.8400,  147.5888
   12.8600,  147.1091
   12.8800,  147.0195
   12.9000,  146.5273
   12.9200,  146.0421
   12.9400,  145.4583
   12.9600,  145.0538
   12.9800,  144.2443
   13.0000,  144.5816
   13.0200,  143.8321
   13.0400,  143.2936
   13.0600,  141.8549
   13.0800,  141.9725
   13.1000,  139.8930
   13.1200,  137.5615
   13.1400,  135.8957
   13.1600,  134.9912
   13.1800,  131.5381
   13.2000,  128.4338
   13.2200,  126.0654
   13.2400,  122.9453
   13.2600,  121.3152
   13.2800,  119.4165
   13.3000,  116.8090
   13.3200,  114.6384
   13.3400,  113.4554
   13.3600,  145.7199
   13.3800,  145.2508
   13.4000,  145.1427
   13.4200,  144.8785
   13.4400,  144.7149
   13.4600,  144.4819
   13.4800,  144.3643
   13.5000,  143.5053
   13.5200,  142.6803
   13.5400,  142.3704
   13.5600,  142.2182
   13.5800,  142.1316
   13.6000,  142.0830
   13.6200,  142.2984
   13.6400,  141.9656
   13.6600,  141.6827
   13.6800,  142.0348
   13.7000,  141.7090
   13.7200,  141.7952
   13.7400,  142.0165
   13.7600,  142.0580
   13.7800,  141.3133
   13.8000,  141.1384
   13.8200,  140.9310
   13.8400,  140.8544
   13.8600,  140.7992
   13.8800,  140.9199
   13.9000,  140.6047
   13.9200,  140.9366
   13.9400,  140.6631
   13.9600,  140.6578
   13.9800,  140.6229
   14.0000,  140.5623
   14.0200,  140.8342
   14.0400,  140.8948
   14.0600,  141.0802
   14.0800,  140.0212
   14.1000,  139.9507
   14.1200,  139.9603
   14.1400,  139.6805
   14.1600,  139.6583
   14.1800,  139.7476
   14.2000,  139.7537
   14.2200,  139.6108
   14.2400,  139.6722
   14.2600,  139.6926
   14.2800,  139.7108
   14.3000,  139.8173
   14.3200,  140.0461
   14.3400,  140.2353
   14.3600,  139.1407
   14.3800,  139.2006
   14.4000,  139.4048
   14.4200,  139.5773
   14.4400,  139.9763
   14.4600,  140.0227
   14.4800,  140.2247
   14.5000,  140.3550
   14.5200,  139.6682
   14.5400,  139.4710
   14.5600,  139.5895
   14.5800,  139.5560
   14.6000,  139.2952
   14.6200,  139.3360
   14.6400,  139.3944
   14.6600,  139.3793
   14.6800,  139.4163
   14.7000,  139.3750
   14.7200,  139.3921
   14.7400,  139.2785
   14.7600,  139.0564
   14.7800,  138.9671
   14.8000,  139.1503
   14.8200,  138.9639
   14.8400,  138.9813
   14.8600,  138.8960
   14.8800,  138.9515
   14.9000,  138.9272
   14.9200,  138.9933
   14.9400,  138.9851
   14.9600,  139.2184
   14.9800,  139.1291
   15.0000,  138.9708
   15.0200,  139.0676
   15.0400,  139.0455
   15.0600,  138.8530
   15.0800,  138.8721
   15.1000,  138.9639
   15.1200,  139.1230
   15.1400,  139.2337
   15.1600,  139.3861
   15.1800,  139.3897
   15.2000,  139.5542
   15.2200,  139.5507
   15.2400,  139.5200
   15.2600,  139.5732
   15.2800,  139.6715
   15.3000,  139.6418
   15.3200,  139.5528
   15.3400,  139.6383
   15.3600,  139.7318
   15.3800,  139.6381
   15.4000,  140.0566
   15.4200,  139.9528
   15.4400,  140.2568
   15.4600,  140.4036
   15.4800,  140.3813
   15.5000,  140.3384
   15.5200,  140.5419
   15.5400,  140.7952
   15.5600,  141.0759
   15.5800,  141.2728
   15.6000,  141.4793
   15.6200,  141.5362
   15.6400,  141.8322
   15.6600,  141.9568
   15.6800,  142.1000
   15.7000,  139.4563
   15.7200,  139.4708
   15.7400,  139.4095
   15.7600,  139.2754
   15.7800,  139.2407
   15.8000,  139.2265
   15.8200,  139.0321
   15.8400,  139.0067
   15.8600,  138.7617
   15.8800,  139.0177
   15.9000,  139.1425
   15.9200,  139.2887
   15.9400,  139.5254
   15.9600,  139.5605
   15.9800,  139.7308
   16.0000,  139.7301
   16.0200,  139.8936
   16.0400,  140.0377
   16.0600,  140.0821
   16.0800,  140.1901
   16.1000,  140.2055
   16.1200,  140.2976
   16.1400,  140.1328
   16.1600,  140.2073
   16.1800,  140.2201
   16.2000,  140.0654
   16.2200,  140.1687
   16.2400,  140.0789
   16.2600,  140.0985
   16.2800,  140.1802
   16.3000,  140.1882
   16.3200,  140.2801
   16.3400,  140.3274
   16.3600,  140.0677
   16.3800,  140.0704
   16.4000,  139.9737
   16.4200,  140.0227
   16.4400,  139.7455
   16.4600,  139.8467
   16.4800,  139.5857
   16.5000,  139.5310
   16.5200,  139.4897
   16.5400,  139.6044
   16.5600,  139.2433
   16.5800,  139.4004
   16.6000,  139.4256
   16.6200,  139.2660
   16.6400,  139.1420
   16.6600,  138.9855
   16.6800,  139.1114
   16.7000,  139.1298
   16.7200,  139.1524
   16.7400,  139.0019
   16.7600,  139.2300
   16.7800,  139.1067
   16.8000,  139.0081
   16.8200,  139.0065
   16.8400,  139.0399
   16.8600,  139.0009
   16.8800,  139.1799
   16.9000,  139.0390
   16.9200,  138.8738
   16.9400,  139.0006
   16.9600,  138.8730
   16.9800,  138.8989
   17.0000,  138.8533
   17.0200,  138.7356
   17.0400,  138.6143
   17.0600,  138.6806
   17.0800,  138.6842
   17.1000,  138.5286
   17.1200,  138.4887
   17.1400,  138.4018
   17.1600,  138.3585
   17.1800,  138.3703
   17.2000,  138.3112
   17.2200,  138.2406
   17.2400,  138.2348
   17.2600,  138.2629
   17.2800,  138.1112
   17.3000,  138.3258
   17.3200,  138.1857
   17.3400,  138.0970
   17.3600,  138.2227
   17.3800,  138.0891
   17.4000,  137.9409
   17.4200,  138.1471
   17.4400,  138.1973
   17.4600,  138.0694
   17.4800,  138.1796
   17.5000,  138.3050
   17.5200,  138.2533
   17.5400,  138.3798
   17.5600,  138.3797
   17.5800,  138.5311
   17.6000,  138.6004
   17.6200,  138.6109
   17.6400,  138.5424
   17.6600,  138.5518
   17.6800,  138.6759
   17.7000,  138.4143
   17.7200,  138.5261
   17.7400,  138.6124
   17.7600,  138.3545
   17.7800,  138.4340
   17.8000,  138.4354
   17.8200,  138.2793
   17.8400,  138.3850
   17.8600,  138.4925
   17.8800,  138.2556
   17.9000,  138.4151
   17.9200,  138.2650
   17.9400,  138.0031
   17.9600,  138.2340
   17.9800,  138.0431
   18.0000,  138.0929
   18.0200,  138.1338
   18.0400,  138.0070
   18.0600,  137.9184
   18.0800,  137.9946
   18.1000,  137.9940
   18.1200,  137.8708
   18.1400,  137.8380
   18.1600,  137.9694
   18.1800,  137.7384
   18.2000,  137.7989
   18.2200,  137.7033
   18.2400,  137.6844
   18.2600,  138.0650
   18.2800,  138.2313
   18.3000,  137.9940
   18.3200,  138.2168
   18.3400,  138.3085
   18.3600,  138.1802
   18.3800,  138.3673
   18.4000,  138.3525
   18.4200,  138.3391
   18.4400,  138.4440
   18.4600,  138.4703
   18.4800,  138.2444
   18.5000,  138.3769
   18.5200,  138.3836
   18.5400,  138.3928
   18.5600,  138.4358
   18.5800,  138.4716
   18.6000,  138.3216
   18.6200,  138.5215
   18.6400,  138.4011
   18.6600,  138.3675
   18.6800,  138.3391
   18.7000,  138.4312
   18.7200,  138.1127
   18.7400,  138.0879
   18.7600,  138.1396
   18.7800,  137.9409
   18.8000,  138.0440
   18.8200,  138.0677
   18.8400,  137.6979
   18.8600,  137.7591
   18.8800,  137.7180
   18.9000,  137.5748
   18.9200,  137.7979
   18.9400,  137.7722
   18.9600,  137.5885
   18.9800,  137.4600
   19.0000,  137.4973
   19.0200,  137.3627
   19.0400,  137.3011
   19.0600,  137.3473
   19.0800,  137.1643
   19.1000,  137.4048
   19.1200,  137.4976
   19.1400,  137.4987
   19.1600,  137.7297
   19.1800,  137.8139
   19.2000,  137.7708
   19.2200,  138.1156
   19.2400,  138.1265
   19.2600,  137.9825
   19.2800,  138.0978
   19.3000,  138.1562
   19.3200,  138.0492
   19.3400,  138.1213
   19.3600,  138.0845
   19.3800,  138.0426
   19.4000,  138.0062
   19.4200,  138.0609
   19.4400,  137.8923
   19.4600,  138.0739
   19.4800,  138.0679
   19.5000,  137.9990
   19.5200,  138.0583
   19.5400,  137.9990
   19.5600,  137.8385
   19.5800,  137.9573
   19.6000,  137.7795
   19.6200,  137.7373
   19.6400,  137.7680
   19.6600,  137.8137
   19.6800,  137.6385
   19.7000,  137.6945
   19.7200,  137.6279
   19.7400,  137.5061
   19.7600,  137.4083
   19.7800,  137.4141
   19.8000,  137.3194
   19.8200,  137.4355
   19.8400,  137.3585
   19.8600,  137.2190
   19.8800,  137.1969
   19.9000,  137.3144
   19.9200,  137.2044
   19.9400,  137.1460
   19.9600,  137.1298
   19.9800,  137.0176
   20.0000,  137.3708
   20.0200,  137.4097
   20.0400,  137.5535
   20.0600,  137.7264
   20.0800,  137.9238
   20.1000,  137.8730
   20.1200,  138.0237
   20.1400,  138.0795
   20.1600,  138.1790
   20.1800,  138.3195
   20.2000,  138.3896
   20.2200,  138.2768
   20.2400,  138.4120
   20.2600,  138.3185
   20.2800,  138.0683
   20.3000,  138.3079
   20.3200,  138.3039
   20.3400,  137.8637
   20.3600,  137.9082
   20.3800,  137.7918
   20.4000,  137.6229
   20.4200,  137.3639
   20.4400,  137.3365
   20.4600,  137.1847
   20.4800,  137.3612
   20.5000,  137.2966
   20.5200,  137.1501
   20.5400,  137.1213
   20.5600,  137.1738
   20.5800,  137.0622
   20.6000,  137.0905
   20.6200,  137.0399
   20.6400,  136.7484
   20.6600,  136.7346
   20.6800,  136.7850
   20.7000,  136.5775
   20.7200,  136.6944
   20.7400,  136.8600
   20.7600,  136.7100
   20.7800,  136.6362
   20.8000,  136.6384
   20.8200,  136.4533
   20.8400,  136.5423
   20.8600,  136.6050
   20.8800,  136.4950
   20.9000,  136.8008
   20.9200,  136.7582
   20.9400,  136.7131
   20.9600,  136.8680
   20.9800,  136.9984
   21.0000,  136.7632
   21.0200,  136.8996
   21.0400,  136.8909
   21.0600,  136.7829
   21.0800,  136.9361
   21.1000,  136.9499
   21.1200,  136.7995
   21.1400,  136.7925
   21.1600,  136.8291
   21.1800,  136.5378
   21.2000,  136.7206
   21.2200,  136.6215
   21.2400,  136.5287
   21.2600,  136.7412
   21.2800,  136.6515
   21.3000,  136.4742
   21.3200,  136.5526
   21.3400,  136.6625
   21.3600,  136.4203
   21.3800,  136.5541
   21.4000,  136.4721
   21.4200,  136.4644
   21.4400,  136.5477
   21.4600,  136.4972
   21.4800,  136.3031
   21.5000,  136.4252
   21.5200,  136.4271
   21.5400,  136.2377
   21.5600,  136.2673
   21.5800,  136.2396
   21.6000,  136.1320
   21.6200,  136.3140
   21.6400,  136.3461
   21.6600,  136.4477
   21.6800,  136.4947
   21.7000,  136.5372
   21.7200,  136.5440
   21.7400,  136.7386
   21.7600,  136.8299
   21.7800,  136.7201
   21.8000,  136.8950
   21.8200,  136.8433
   21.8400,  136.6495
   21.8600,  136.8073
   21.8800,  136.7616
   21.9000,  136.7383
   21.9200,  136.9050
   21.9400,  136.7940
   21.9600,  136.7376
   21.9800,  136.8109
   22.0000,  136.8387
   22.0200,  136.5743
   22.0400,  136.5119
   22.0600,  136.5105
   22.0800,  136.3903
   22.1000,  136.5465
   22.1200,  136.4536
   22.1400,  136.3142
   22.1600,  136.4481
   22.1800,  136.3483
   22.2000,  136.1643
   22.2200,  136.1539
   22.2400,  136.1063
   22.2600,  135.8932
   22.2800,  136.0165
   22.3000,  136.0433
   22.3200,  135.7148
   22.3400,  135.8649
   22.3600,  135.8226
   22.3800,  135.8133
   22.4000,  136.0902
   22.4200,  136.0987
   22.4400,  136.1099
   22.4600,  136.2075
   22.4800,  136.2741
   22.5000,  136.1119
   22.5200,  136.3230
   22.5400,  136.3285
   22.5600,  136.2032
   22.5800,  136.4126
   22.6000,  136.3523
   22.6200,  136.4145
   22.6400,  136.4027
   22.6600,  136.3567
   22.6800,  136.2648
   22.7000,  136.3753
   22.7200,  136.3124
   22.7400,  136.2437
   22.7600,  136.3388
   22.7800,  136.4560
   22.8000,  136.3383
   22.8200,  136.4431
   22.8400,  136.3597
   22.8600,  136.2251
   22.8800,  136.3355
   22.9000,  136.2796
   22.9200,  136.1429
   22.9400,  136.2421
   22.9600,  136.1778
   22.9800,  136.0861
   23.0000,  136.0183
   23.0200,  135.9809
   23.0400,  135.8619
   23.0600,  135.7656
   23.0800,  135.8927
   23.1000,  135.5867
   23.1200,  135.9273
   23.1400,  135.8026
   23.1600,  135.7078
   23.1800,  135.8954
   23.2000,  135.9783
   23.2200,  135.9772
   23.2400,  136.1877
   23.2600,  136.2157
   23.2800,  136.1223
   23.3000,  136.2763
   23.3200,  136.3381
   23.3400,  136.2898
   23.3600,  136.5591
   23.3800,  136.5273
   23.4000,  136.2492
   23.4200,  136.3672
   23.4400,  136.5461
   23.4600,  136.2751
   23.4800,  136.4621
   23.5000,  136.4936
   23.5200,  136.3492
   23.5400,  136.4397
   23.5600,  136.4811
   23.5800,  136.4243
   23.6000,  136.4636
   23.6200,  136.4700
   23.6400,  136.2628
   23.6600,  136.3319
   23.6800,  136.2698
   23.7000,  136.1853
   23.7200,  136.1760
   23.7400,  136.0434
   23.7600,  136.0085
   23.7800,  136.0492
   23.8000,  135.9504
   23.8200,  135.8909
   23.8400,  135.8686
   23.8600,  135.8575
   23.8800,  135.8173
   23.9000,  135.9471
   23.9200,  135.9818
   23.9400,  135.7456
   23.9600,  135.7773
   23.9800,  135.7111
   24.0000,  135.5459
   24.0200,  135.8610
   24.0400,  135.8286
   24.0600,  135.6930
   24.0800,  135.9125
   24.1000,  135.9224
   24.1200,  135.8347
   24.1400,  136.0516
   24.1600,  136.0724
   24.1800,  135.9648
   24.2000,  136.1966
   24.2200,  136.1299
   24.2400,  135.9457
   24.2600,  136.0428
   24.2800,  136.1796
   24.3000,  136.0580
   24.3200,  136.1575
   24.3400,  136.2420
   24.3600,  136.0475
   24.3800,  136.2206
   24.4000,  136.2660
   24.4200,  136.1024
   24.4400,  136.1616
   24.4600,  136.1854
   24.4800,  136.0337
   24.5000,  136.1491
   24.5200,  136.1503
   24.5400,  136.1725
   24.5600,  136.1957
   24.5800,  136.0964
   24.6000,  136.1572
   24.6200,  136.0487
   24.6400,  136.0784
   24.6600,  135.8676
   24.6800,  135.9318
   24.7000,  135.9670
   24.7200,  135.7365
   24.7400,  135.7435
   24.7600,  135.6187
   24.7800,  135.5785
   24.8000,  135.7096
   24.8200,  135.7061
   24.8400,  135.4716
   24.8600,  135.6658
   24.8800,  135.7723
   24.9000,  135.7408
   24.9200,  136.0038
   24.9400,  135.9628
   24.9600,  135.8382
   24.9800,  136.2796
   25.0000,  136.2304
   25.0200,  136.0730
   25.0400,  136.2675
   25.0600,  136.2121
   25.0800,  136.1658
   25.1000,  136.2446
   25.1200,  136.2742
   25.1400,  136.0740
   25.1600,  136.2176
   25.1800,  136.2618
   25.2000,  136.1000
   25.2200,  136.2212
   25.2400,  136.1674
   25.2600,  135.9983
   25.2800,  136.1058
   25.3000,  136.1324
   25.3200,  135.9624
   25.3400,  135.9690
   25.3600,  136.0135
   25.3800,  135.8207
   25.4000,  135.8960
   25.4200,  135.8988
   25.4400,  135.7464
   25.4600,  135.7089
   25.4800,  135.7110
   25.5000,  135.6474
   25.5200,  135.7666
   25.5400,  135.7532
   25.5600,  135.5466
   25.5800,  135.7547
   25.6000,  135.7612
   25.6200,  135.5240
   25.6400,  135.5236
   25.6600,  135.5286
   25.6800,  135.3440
   25.7000,  135.5322
   25.7200,  135.6219
   25.7400,  135.6109
   25.7600,  135.8355
   25.7800,  135.9587
   25.8000,  135.8730
   25.8200,  136.1596
   25.8400,  136.1852
   25.8600,  136.1812
   25.8800,  136.3410
   25.9000,  136.3958
   25.9200,  136.3976
   25.9400,  136.3777
   25.9600,  136.5230
   25.9800,  136.2427
   26.0000,  136.5917
   26.0200,  136.5523
   26.0400,  136.3604
   26.0600,  136.5279
   26.0800,  136.5140
   26.1000,  136.2543
   26.1200,  136.4085
   26.1400,  136.4104
   26.1600,  136.2818
   26.1800,  136.2710
   26.2000,  136.3742
   26.2200,  136.2317
   26.2400,  136.3387
   26.2600,  136.3569
   26.2800,  136.1462
   26.3000,  136.0895
   26.3200,  136.0788
   26.3400,  135.9088
   26.3600,  135.9902
   26.3800,  136.0266
   26.4000,  135.8464
   26.4200,  135.8748
   26.4400,  135.9626
   26.4600,  135.8099
   26.4800,  135.8708
   26.5000,  135.8970
   26.5200,  135.8031
   26.5400,  135.8194
   26.5600,  135.8560
   26.5800,  135.7681
   26.6000,  135.8351
   26.6200,  135.8229
   26.6400,  135.7565
   26.6600,  136.0961
   26.6800,  136.1219
   26.7000,  136.2719
   26.7200,  136.4783
   26.7400,  136.4035
   26.7600,  136.2580
   26.7800,  136.3860
   26.8000,  136.3586
   26.8200,  136.2673
   26.8400,  136.4712
   26.8600,  136.3810
   26.8800,  136.3343
   26.9000,  136.6064
   26.9200,  136.6248
   26.9400,  136.3614
   26.9600,  136.5513
   26.9800,  136.5346
   27.0000,  136.3992
   27.0200,  136.5798
   27.0400,  136.4712
   27.0600,  136.4272
   27.0800,  136.4415
   27.1000,  136.4019
   27.1200,  136.2446
   27.1400,  136.2619
   27.1600,  136.3479
   27.1800,  136.3022
   27.2000,  136.4210
   27.2200,  136.3458
   27.2400,  136.1919
   27.2600,  136.1378
   27.2800,  136.1919
   27.3000,  135.9566
   27.3200,  135.9991
   27.3400,  136.0095
   27.3600,  135.8178
   27.3800,  135.9034
   27.4000,  135.8586
   27.4200,  135.7022
   27.4400,  135.7147
   27.4600,  135.6893
   27.4800,  135.6629
   27.5000,  135.8540
   27.5200,  135.7853
   27.5400,  135.7702
   27.5600,  135.9770
   27.5800,  136.1002
   27.6000,  136.0121
   27.6200,  136.1549
   27.6400,  136.1733
   27.6600,  136.1725
   27.6800,  136.3619
   27.7000,  136.4021
   27.7200,  136.2507
   27.7400,  136.3559
   27.7600,  136.4015
   27.7800,  136.3129
   27.8000,  136.4757
   27.8200,  136.3676
   27.8400,  136.2673
   27.8600,  136.4460
   27.8800,  136.4397
   27.9000,  136.2888
   27.9200,  136.3900
   27.9400,  136.3143
   27.9600,  136.0120
   27.9800,  136.1089
   28.0000,  136.0189
   28.0200,  135.8337
   28.0400,  135.9697
   28.0600,  135.9203
   28.0800,  135.7866
   28.1000,  135.7547
   28.1200,  135.7290
   28.1400,  135.5880
   28.1600,  135.7318
   28.1800,  135.6945
   28.2000,  135.6705
   28.2200,  135.6855
   28.2400,  135.6583
   28.2600,  135.5309
   28.2800,  135.6147
   28.3000,  135.7324
   28.3200,  135.5352
   28.3400,  135.3922
   28.3600,  135.4521
   28.3800,  135.4200
   28.4000,  135.5180
   28.4200,  135.6350
   28.4400,  135.4770
   28.4600,  135.7381
   28.4800,  135.7206
   28.5000,  135.8552
   28.5200,  135.9859
   28.5400,  136.0027
   28.5600,  135.7659
   28.5800,  135.9199
   28.6000,  135.9337
   28.6200,  135.8873
   28.6400,  136.0487
   28.6600,  136.0203
   28.6800,  135.8446
   28.7000,  136.0669
   28.7200,  135.9914
   28.7400,  135.9259
   28.7600,  135.9134
   28.7800,  136.0356
   28.8000,  135.8963
   28.8200,  136.0266
   28.8400,  136.0265
   28.8600,  135.7664
   28.8800,  135.8662
   28.9000,  135.9939
   28.9200,  135.6871
   28.9400,  135.7763
   28.9600,  135.7159
   28.9800,  135.5038
   29.0000,  135.5829
   29.0200,  135.4774
   29.0400,  135.3386
   29.0600,  135.5236
   29.0800,  135.4735
   29.1000,  135.3914
   29.1200,  135.5945
   29.1400,  135.6267
   29.1600,  135.4815
   29.1800,  135.5099
   29.2000,  135.5583
   29.2200,  135.2234
   29.2400,  135.3789
   29.2600,  135.2958
   29.2800,  135.0853
   29.3000,  135.0959
   29.3200,  135.2207
   29.3400,  135.0469
   29.3600,  135.3921
   29.3800,  135.3737
   29.4000,  135.3161
   29.4200,  135.4851
   29.4400,  135.4271
   29.4600,  135.3927
   29.4800,  135.6654
   29.5000,  135.6519
   29.5200,  135.5232
   29.5400,  135.6537
   29.5600,  135.7477
   29.5800,  135.5151
   29.6000,  135.6944
   29.6200,  135.5184
   29.6400,  135.4380
   29.6600,  135.4811
   29.6800,  135.5141
   29.7000,  135.3784
   29.7200,  135.6334
   29.7400,  135.6441
   29.7600,  135.5381
   29.7800,  135.7176
   29.8000,  135.7799
   29.8200,  135.4915
   29.8400,  135.5684
   29.8600,  135.5335
   29.8800,  135.3616
   29.9000,  135.3494
   29.9200,  135.4737
   29.9400,  135.2098
   29.9600,  135.4025
   29.9800,  135.3286
   30.0000,  135.2612
   30.0200,  135.1483
   30.0400,  135.1809
   30.0600,  134.9466
   30.0800,  135.1578
   30.1000,  135.1770
   30.1200,  134.9338
   30.1400,  135.0859
   30.1600,  135.1303
   30.1800,  135.0135
   30.2000,  135.1381
   30.2200,  135.2897
   30.2400,  135.2356
   30.2600,  135.3650
   30.2800,  135.5175
   30.3000,  135.4882
   30.3200,  135.6077
   30.3400,  135.5957
   30.3600,  135.4919
   30.3800,  135.6116
   30.4000,  135.5434
   30.4200,  135.3609
   30.4400,  135.5272
   30.4600,  135.4375
   30.4800,  135.3012
   30.5000,  135.4302
   30.5200,  135.4511
   30.5400,  135.3549
   30.5600,  135.4187
   30.5800,  135.3540
   30.6000,  135.2099
   30.6200,  135.2359
   30.6400,  135.3051
   30.6600,  135.0735
   30.6800,  135.2234
   30.7000,  135.2349
   30.7200,  135.1238
   30.7400,  135.0800
   30.7600,  135.1146
   30.7800,  134.8934
   30.8000,  135.0027
   30.8200,  134.9182
   30.8400,  134.8005
   30.8600,  134.9114
   30.8800,  134.7876
   30.9000,  134.6667
   30.9200,  134.7676
   30.9400,  134.6856
   30.9600,  134.5358
   30.9800,  134.6830
   31.0000,  134.7784
   31.0200,  134.8374
   31.0400,  135.0854
   31.0600,  135.0518
   31.0800,  135.0853
   31.1000,  135.2816
   31.1200,  135.2820
   31.1400,  135.2514
   31.1600,  135.3924
   31.1800,  135.2322
   31.2000,  135.2480
   31.2200,  135.3431
   31.2400,  135.4007
   31.2600,  135.3829
   31.2800,  135.6239
   31.3000,  135.5939
   31.3200,  135.4800
   31.3400,  135.7138
   31.3600,  135.6480
   31.3800,  135.5598
   31.4000,  135.6461
   31.4200,  135.5303
   31.4400,  135.5100
   31.4600,  135.5982
   31.4800,  135.6109
   31.5000,  135.4655
   31.5200,  135.5323
   31.5400,  135.6192
   31.5600,  135.3270
   31.5800,  135.5224
   31.6000,  135.4279
   31.6200,  135.3205
   31.6400,  135.3691
   31.6600,  135.3454
   31.6800,  135.2050
   31.7000,  135.3883
   31.7200,  135.2786
   31.7400,  135.1220
   31.7600,  135.2749
   31.7800,  135.2843
   31.8000,  135.1686
   31.8200,  135.4621
   31.8400,  135.6019
   31.8600,  135.5677
   31.8800,  135.7565
   31.9000,  135.8520
   31.9200,  135.7513
   31.9400,  135.9818
   31.9600,  135.9473
   31.9800,  135.9278
   32.0000,  136.2101
   32.0200,  136.1642
   32.0400,  135.9953
   32.0600,  136.0200
   32.0800,  136.0452
   32.1000,  135.8458
   32.1200,  135.9526
   32.1400,  135.9159
   32.1600,  135.7931
   32.1800,  135.9764
   32.2000,  135.9276
   32.2200,  136.0308
   32.2400,  136.1570
   32.2600,  136.1119
   32.2800,  135.9777
   32.3000,  136.0106
   32.3200,  136.0335
   32.3400,  135.9171
   32.3600,  135.9827
   32.3800,  136.0054
   32.4000,  135.9296
   32.4200,  135.8675
   32.4400,  135.9860
   32.4600,  135.8863
   32.4800,  135.9141
   32.5000,  135.8621
   32.5200,  135.6467
   32.5400,  135.8662
   32.5600,  135.7048
   32.5800,  135.5201
   32.6000,  135.7869
   32.6200,  135.7005
   32.6400,  135.5799
   32.6600,  136.1029
   32.6800,  136.0927
   32.7000,  135.9090
   32.7200,  136.1736
   32.7400,  136.2434
   32.7600,  136.1754
   32.7800,  136.3316
   32.8000,  136.2563
   32.8200,  136.2592
   32.8400,  136.3174
   32.8600,  136.3390
   32.8800,  136.3105
   32.9000,  136.3301
   32.9200,  136.3866
   32.9400,  136.4300
   32.9600,  136.4503
   32.9800,  136.5083
   33.0000,  136.3632
   33.0200,  136.4867
   33.0400,  136.5420
   33.0600,  136.4041
   33.0800,  136.3574
   33.1000,  136.4794
   33.1200,  136.2047
   33.1400,  136.2300
   33.1600,  136.2859
   33.1800,  136.1890
   33.2000,  136.3368
   33.2200,  136.2108
   33.2400,  136.1424
   33.2600,  136.1998
   33.2800,  136.2714
   33.3000,  136.1043
   33.3200,  136.1935
   33.3400,  136.1121
   33.3600,  136.0104
   33.3800,  136.2237
   33.4000,  136.2930
   33.4200,  136.3501
   33.4400,  136.5542
   33.4600,  136.5755
   33.4800,  136.5446
   33.5000,  136.7803
   33.5200,  136.7842
   33.5400,  136.7384
   33.5600,  136.9311
   33.5800,  136.9662
   33.6000,  136.9157
   33.6200,  137.1757
   33.6400,  137.2128
   33.6600,  136.9512
   33.6800,  136.9452
   33.7000,  136.9538
   33.7200,  136.8910
   33.7400,  136.9840
   33.7600,  136.9155
   33.7800,  136.8072
   33.8000,  136.9532
   33.8200,  136.9710
   33.8400,  136.7898
   33.8600,  136.9705
   33.8800,  136.9532
   33.9000,  136.8821
   33.9200,  136.9701
   33.9400,  136.9159
   33.9600,  136.7937
   33.9800,  136.8032
   34.0000,  136.8854
   34.0200,  136.6199
   34.0400,  136.6607
   34.0600,  136.8492
   34.0800,  136.5769
   34.1000,  136.6017
   34.1200,  136.6384
   34.1400,  136.5174
   34.1600,  136.6761
   34.1800,  136.7058
   34.2000,  136.5245
   34.2200,  136.8458
   34.2400,  137.0334
   34.2600,  136.9642
   34.2800,  137.2475
   34.3000,  137.2878
   34.3200,  137.1283
   34.3400,  137.2912
   34.3600,  137.3430
   34.3800,  137.3488
   34.4000,  137.4060
   34.4200,  137.4078
   34.4400,  137.1738
   34.4600,  137.3354
   34.4800,  137.2484
   34.5000,  137.1027
   34.5200,  137.2664
   34.5400,  137.2372
   34.5600,  137.0556
   34.5800,  137.1754
   34.6000,  137.2267
   34.6200,  137.0612
   34.6400,  137.1935
   34.6600,  137.1425
   34.6800,  136.9745
   34.7000,  137.0277
   34.7200,  137.0489
   34.7400,  136.7595
   34.7600,  136.8126
   34.7800,  136.8449
   34.8000,  136.5998
   34.8200,  136.6569
   34.8400,  136.6324
   34.8600,  136.4624
   34.8800,  136.6168
   34.9000,  136.6140
   34.9200,  136.3913
   34.9400,  136.6456
   34.9600,  136.6087
   34.9800,  136.5530
   35.0000,  136.8998
   35.0200,  136.8463
   35.0400,  136.7877
   35.0600,  137.1087
   35.0800,  137.1200
   35.1000,  137.0503
   35.1200,  137.2294
   35.1400,  137.1426
   35.1600,  137.0342
   35.1800,  137.2633
   35.2000,  137.2647
   35.2200,  137.0379
   35.2400,  137.0747
   35.2600,  137.1531
   35.2800,  137.0649
   35.3000,  137.2429
   35.3200,  137.1141
   35.3400,  137.1316
   35.3600,  137.1716
   35.3800,  137.2142
   35.4000,  136.9820
   35.4200,  137.1328
   35.4400,  137.0898
   35.4600,  136.9830
   35.4800,  136.8862
   35.5000,  136.9547
   35.5200,  136.7568
   35.5400,  136.7791
   35.5600,  136.7184
   35.5800,  136.6443
   35.6000,  136.6591
   35.6200,  136.6117
   35.6400,  136.5467
   35.6600,  136.5727
   35.6800,  136.5033
   35.7000,  136.3700
   35.7200,  136.5205
   35.7400,  136.5626
   35.7600,  136.5563
   35.7800,  136.8385
   35.8000,  136.9663
   35.8200,  136.8407
   35.8400,  136.9506
   35.8600,  136.9590
   35.8800,  136.8785
   35.9000,  137.0205
   35.9200,  136.9389
   35.9400,  136.7918
   35.9600,  136.8778
   35.9800,  136.8410
   36.0000,  136.7056
   36.0200,  136.6956
   36.0400,  136.7647
   36.0600,  136.5794
   36.0800,  136.7320
   36.1000,  136.7182
   36.1200,  136.5466
   36.1400,  136.6963
   36.1600,  136.7014
   36.1800,  136.4618
   36.2000,  136.5738
   36.2200,  136.5763
   36.2400,  136.3632
   36.2600,  136.4306
   36.2800,  136.4511
   36.3000,  136.3039
   36.3200,  136.4802
   36.3400,  136.4308
   36.3600,  136.2025
   36.3800,  136.1209
   36.4000,  136.1240
   36.4200,  135.9857
   36.4400,  136.1078
   36.4600,  136.0447
   36.4800,  135.8901
   36.5000,  136.2523
   36.5200,  136.2546
   36.5400,  136.1051
   36.5600,  136.2839
   36.5800,  136.4485
   36.6000,  136.3194
   36.6200,  136.4881
   36.6400,  136.4318
   36.6600,  136.3531
   36.6800,  136.4552
   36.7000,  136.5237
   36.7200,  136.3944
   36.7400,  136.5597
   36.7600,  136.5583
   36.7800,  136.4945
   36.8000,  136.4762
   36.8200,  136.5575
   36.8400,  136.3605
   36.8600,  136.4456
   36.8800,  136.4127
   36.9000,  136.2546
   36.9200,  136.5151
   36.9400,  136.4088
   36.9600,  136.1754
   36.9800,  136.2864
   37.0000,  136.2489
   37.0200,  136.1004
   37.0400,  136.2432
   37.0600,  136.2316
   37.0800,  136.0171
   37.1000,  135.9177
   37.1200,  135.9251
   37.1400,  135.7236
   37.1600,  135.8299
   37.1800,  135.7913
   37.2000,  135.5692
   37.2200,  135.5880
   37.2400,  135.5777
   37.2600,  135.4226
   37.2800,  135.5780
   37.3000,  135.5288
   37.3200,  135.3814
   37.3400,  135.4844
   37.3600,  135.7070
   37.3800,  135.6130
   37.4000,  135.8855
   37.4200,  135.9211
   37.4400,  135.8734
   37.4600,  136.1129
   37.4800,  136.1163
   37.5000,  135.9919
   37.5200,  136.1452
   37.5400,  136.1485
   37.5600,  135.9571
   37.5800,  136.1216
   37.6000,  135.9922
   37.6200,  135.7830
   37.6400,  135.9049
   37.6600,  135.9416
   37.6800,  135.7925
   37.7000,  135.7855
   37.7200,  135.9078
   37.7400,  135.7221
   37.7600,  135.8310
   37.7800,  135.7472
   37.8000,  135.6010
   37.8200,  135.6722
   37.8400,  135.7189
   37.8600,  135.4812
   37.8800,  135.5282
   37.9000,  135.4262
   37.9200,  135.2698
   37.9400,  135.3338
   37.9600,  135.1665
   37.9800,  135.0875
   38.0000,  135.2841
   38.0200,  135.1996
   38.0400,  135.0390
   38.0600,  135.0996
   38.0800,  134.9382
   38.1000,  134.7498
   38.1200,  134.8687
   38.1400,  134.8310
   38.1600,  134.9235
   38.1800,  135.1644
   38.2000,  135.1224
   38.2200,  135.2117
   38.2400,  135.4048
   38.2600,  135.3827
   38.2800,  135.1869
   38.3000,  135.2871
   38.3200,  135.3217
   38.3400,  135.1061
   38.3600,  135.2893
   38.3800,  135.2801
   38.4000,  135.1297
   38.4200,  135.2785
   38.4400,  135.2570
   38.4600,  135.1508
   38.4800,  135.1934
   38.5000,  135.1869
   38.5200,  135.0380
   38.5400,  135.2066
   38.5600,  135.2607
   38.5800,  135.1358
   38.6000,  135.2656
   38.6200,  135.2053
   38.6400,  135.0966
   38.6600,  135.1942
   38.6800,  135.1081
   38.7000,  134.9854
   38.7200,  134.9074
   38.7400,  134.9388
   38.7600,  134.8036
   38.7800,  134.8798
   38.8000,  134.9111
   38.8200,  134.6826
   38.8400,  134.7665
   38.8600,  134.7037
   38.8800,  134.4596
   38.9000,  134.6384
   38.9200,  134.7075
   38.9400,  134.6977
   38.9600,  134.8843
   38.9800,  135.0060
   39.0000,  134.8512
   39.0200,  135.0021
   39.0400,  135.0141
   39.0600,  134.9164
   39.0800,  135.1066
   39.1000,  135.2006
   39.1200,  135.0074
   39.1400,  135.0631
   39.1600,  135.0885
   39.1800,  134.8572
   39.2000,  135.1101
   39.2200,  135.0737
   39.2400,  134.8571
   39.2600,  135.1748
   39.2800,  135.0673
   39.3000,  134.9970
   39.3200,  135.0596
   39.3400,  135.0300
   39.3600,  134.8964
   39.3800,  135.0910
   39.4000,  135.0134
   39.4200,  134.8785
   39.4400,  135.0402
   39.4600,  135.0406
   39.4800,  134.7819
   39.5000,  134.8490
   39.5200,  134.9050
   39.5400,  134.6702
   39.5600,  134.7872
   39.5800,  134.7155
   39.6000,  134.5857
   39.6200,  134.5989
   39.6400,  134.5494
   39.6600,  134.4656
   39.6800,  134.7459
   39.7000,  134.8262
   39.7200,  134.7982
   39.7400,  135.1458
   39.7600,  135.1129
   39.7800,  135.1894
   39.8000,  135.2816
   39.8200,  135.2600
   39.8400,  135.1915
   39.8600,  135.3339
   39.8800,  135.3131
   39.9000,  135.2932
   39.9200,  135.3428
   39.9400,  135.4245
   39.9600,  135.2893
   39.9800,  135.4120
   40.0000,  135.4176
   40.0200,  135.2851
   40.0400,  135.3201
   40.0600,  135.3871
   40.0800,  135.2517
   40.1000,  135.2951
   40.1200,  135.3585
   40.1400,  135.2989
   40.1600,  135.4739
   40.1800,  135.4662
   40.2000,  135.2969
   40.2200,  135.3436
   40.2400,  135.3661
   40.2600,  135.1878
   40.2800,  135.1895
   40.3000,  135.2173
   40.3200,  135.0419
   40.3400,  135.1414
   40.3600,  135.0905
   40.3800,  134.8237
   40.4000,  135.0347
   40.4200,  134.9647
   40.4400,  134.7532
   40.4600,  135.1294
   40.4800,  135.0784
   40.5000,  135.0103
   40.5200,  135.4679
   40.5400,  135.4897
   40.5600,  135.4514
   40.5800,  135.6767
   40.6000,  135.6974
   40.6200,  135.6129
   40.6400,  135.8705
   40.6600,  135.8075
   40.6800,  135.6680
   40.7000,  135.8379
   40.7200,  135.8966
   40.7400,  135.6427
   40.7600,  135.7857
   40.7800,  135.7939
   40.8000,  135.6111
   40.8200,  135.7694
   40.8400,  135.7611
   40.8600,  135.6706
   40.8800,  135.8494
   40.9000,  135.8569
   40.9200,  135.7753
   40.9400,  135.7566
   40.9600,  135.7729
   40.9800,  135.6658
   41.0000,  135.6227
   41.0200,  135.6288
   41.0400,  135.3900
   41.0600,  135.4872
   41.0800,  135.4951
   41.1000,  135.3863
   41.1200,  135.3706
   41.1400,  135.4320
   41.1600,  135.2743
   41.1800,  135.4256
   41.2000,  135.2849
   41.2200,  135.2401
   41.2400,  135.4971
   41.2600,  135.4127
   41.2800,  135.6808
   41.3000,  136.1960
   41.3200,  136.0080
   41.3400,  135.8898
   41.3600,  136.1357
   41.3800,  136.1249
   41.4000,  135.9592
   41.4200,  136.1119
   41.4400,  136.2124
   41.4600,  135.9584
   41.4800,  136.0505
   41.5000,  136.1434
   41.5200,  135.9673
   41.5400,  136.0088
   41.5600,  136.0733
   41.5800,  136.1735
   41.6000,  136.2116
   41.6200,  136.2255
   41.6400,  136.0776
   41.6600,  136.1945
   41.6800,  136.2173
   41.7000,  136.0102
   41.7200,  136.1324
   41.7400,  135.9577
   41.7600,  135.8159
   41.7800,  135.8639
   41.8000,  135.9010
   41.8200,  135.7639
   41.8400,  135.9771
   41.8600,  135.9557
   41.8800,  135.6948
   41.9000,  135.8400
   41.9200,  135.7759
   41.9400,  135.6255
   41.9600,  135.7589
   41.9800,  135.7698
   42.0000,  135.6720
   42.0200,  136.0604
   42.0400,  136.2771
   42.0600,  136.2059
   42.0800,  136.4900
   42.1000,  136.4191
   42.1200,  136.3889
   42.1400,  136.5475
   42.1600,  136.5113
   42.1800,  136.3615
   42.2000,  136.5485
   42.2200,  136.5100
   42.2400,  136.3467
   42.2600,  136.6447
   42.2800,  136.8075
   42.3000,  136.5473
   42.3200,  136.6106
   42.3400,  136.6267
   42.3600,  136.5342
   42.3800,  136.5287
   42.4000,  136.5818
   42.4200,  136.4347
   42.4400,  136.5486
   42.4600,  136.5712
   42.4800,  136.3979
   42.5000,  136.3883
   42.5200,  136.3705
   42.5400,  136.3250
   42.5600,  136.3524
   42.5800,  136.3528
   42.6000,  135.9907
   42.6200,  136.1192
   42.6400,  136.0564
   42.6600,  135.8957
   42.6800,  136.0031
   42.7000,  135.9062
   42.7200,  135.7329
   42.7400,  135.7833
   42.7600,  135.8391
   42.7800,  135.6873
   42.8000,  135.9224
   42.8200,  135.8992
   42.8400,  136.0186
   42.8600,  136.2602
   42.8800,  136.4818
   42.9000,  136.4117
   42.9200,  136.5537
   42.9400,  136.6097
   42.9600,  136.4822
   42.9800,  136.6330
   43.0000,  136.7263
   43.0200,  136.6503
   43.0400,  136.7893
   43.0600,  136.7825
   43.0800,  136.5637
   43.1000,  136.6601
   43.1200,  136.7553
   43.1400,  136.5583
   43.1600,  136.6885
   43.1800,  136.7341
   43.2000,  136.4803
   43.2200,  136.5426
   43.2400,  136.4985
   43.2600,  136.3094
   43.2800,  136.4331
   43.3000,  136.4038
   43.3200,  136.1918
   43.3400,  136.3108
   43.3600,  136.3456
   43.3800,  136.1469
   43.4000,  136.1515
   43.4200,  136.2202
   43.4400,  136.0981
   43.4600,  136.1842
   43.4800,  136.0166
   43.5000,  135.9303
   43.5200,  136.0420
   43.5400,  136.0078
   43.5600,  135.6860
   43.5800,  136.0018
   43.6000,  135.8668
   43.6200,  135.7759
   43.6400,  136.1245
   43.6600,  136.2241
   43.6800,  136.1080
   43.7000,  136.4484
   43.7200,  136.4576
   43.7400,  136.4419
   43.7600,  136.5962
   43.7800,  136.6580
   43.8000,  136.3428
   43.8200,  136.5638
   43.8400,  136.3984
   43.8600,  136.2940
   43.8800,  136.3893
   43.9000,  136.4071
   43.9200,  136.2702
   43.9400,  136.2966
   43.9600,  136.3969
   43.9800,  136.3036
   44.0000,  136.5123
   44.0200,  136.3996
   44.0400,  136.4850
   44.0600,  136.4377
   44.0800,  136.3292
   44.1000,  136.1702
   44.1200,  136.2209
   44.1400,  136.2838
   44.1600,  136.1875
   44.1800,  136.2352
   44.2000,  136.1920
   44.2200,  135.9808
   44.2400,  136.1844
   44.2600,  136.1405
   44.2800,  135.9558
   44.3000,  136.0401
   44.3200,  135.9905
   44.3400,  135.8238
   44.3600,  135.9443
   44.3800,  135.9980
   44.4000,  135.8411
   44.4200,  136.1121
   44.4400,  136.1348
   44.4600,  136.1361
   44.4800,  136.3562
   44.5000,  136.4265
   44.5200,  136.2405
   44.5400,  136.4058
   44.5600,  136.4557
   44.5800,  136.2949
   44.6000,  136.3836
   44.6200,  136.4492
   44.6400,  136.2610
   44.6600,  136.3579
   44.6800,  136.3862
   44.7000,  136.1583
   44.7200,  136.3811
   44.7400,  136.3773
   44.7600,  136.2470
   44.7800,  136.4200
   44.8000,  136.3069
   44.8200,  136.2111
   44.8400,  136.2027
   44.8600,  136.2154
   44.8800,  135.9625
   44.9000,  136.0787
   44.9200,  135.8854
   44.9400,  135.7786
   44.9600,  135.8238
   44.9800,  135.8742
   45.0000,  135.6410
   45.0200,  135.7035
   45.0400,  135.6431
   45.0600,  135.5666
   45.0800,  135.6943
   45.1000,  135.5970
   45.1200,  135.4291
   45.1400,  135.6897
   45.1600,  135.5202
   45.1800,  135.3925
   45.2000,  135.7176
   45.2200,  135.7390
   45.2400,  135.7126
   45.2600,  135.9790
   45.2800,  136.0035
   45.3000,  135.9729
   45.3200,  136.0905
   45.3400,  136.0613
   45.3600,  136.0014
   45.3800,  136.0755
   45.4000,  136.1537
   45.4200,  136.0312
   45.4400,  136.1851
   45.4600,  136.2414
   45.4800,  136.1244
   45.5000,  136.2393
   45.5200,  136.2543
   45.5400,  136.1437
   45.5600,  136.1758
   45.5800,  136.2192
   45.6000,  136.0231
   45.6200,  136.0935
   45.6400,  135.9716
   45.6600,  135.8683
   45.6800,  136.1101
   45.7000,  136.0591
   45.7200,  135.8352
   45.7400,  135.8852
   45.7600,  135.8718
   45.7800,  135.7114
   45.8000,  135.7840
   45.8200,  135.6736
   45.8400,  135.5808
   45.8600,  135.6946
   45.8800,  135.6675
   45.9000,  135.5157
   45.9200,  135.6701
   45.9400,  135.5579
   45.9600,  135.3484
   45.9800,  135.5081
   46.0000,  135.6573
   46.0200,  135.4064
   46.0400,  135.6445
   46.0600,  135.7539
   46.0800,  135.6830
   46.1000,  135.9259
   46.1200,  136.0604
   46.1400,  135.8042
   46.1600,  135.9988
   46.1800,  135.8623
   46.2000,  135.8014
   46.2200,  135.9116
   46.2400,  135.9181
   46.2600,  135.7562
   46.2800,  135.7732
   46.3000,  135.8414
   46.3200,  135.7136
   46.3400,  135.8001
   46.3600,  135.8048
   46.3800,  135.7364
   46.4000,  135.8618
   46.4200,  135.8903
   46.4400,  135.7760
   46.4600,  135.9164
   46.4800,  135.8161
   46.5000,  135.5280
   46.5200,  135.6417
   46.5400,  135.5912
   46.5600,  135.4145
   46.5800,  135.3563
   46.6000,  135.4631
   46.6200,  135.1620
   46.6400,  135.3752
   46.6600,  135.1993
   46.6800,  135.1769
   46.7000,  135.2103
   46.7200,  135.2892
   46.7400,  135.1251
   46.7600,  135.2497
   46.7800,  135.1541
   46.8000,  135.1119
   46.8200,  135.4308
   46.8400,  135.4100
   46.8600,  135.6193
   46.8800,  135.8536
   46.9000,  135.7404
   46.9200,  135.6431
   46.9400,  135.7365
   46.9600,  135.6673
   46.9800,  135.5116
   47.0000,  135.6359
   47.0200,  135.6833
   47.0400,  135.4189
   47.0600,  135.5816
   47.0800,  135.6160
   47.1000,  135.4358
   47.1200,  135.5483
   47.1400,  135.4765
   47.1600,  135.4482
   47.1800,  135.5132
   47.2000,  135.5683
   47.2200,  135.4069
   47.2400,  135.4743
   47.2600,  135.3631
   47.2800,  135.2385
   47.3000,  135.3374
   47.3200,  135.1973
   47.3400,  135.0553
   47.3600,  135.2064
   47.3800,  135.1652
   47.4000,  135.0170
   47.4200,  135.1562
   47.4400,  135.1425
   47.4600,  134.8973
   47.4800,  134.9672
   47.5000,  134.8488
   47.5200,  134.7078
   47.5400,  134.9654
   47.5600,  134.8547
   47.5800,  134.9657
   47.6000,  135.2515
   47.6200,  135.2295
   47.6400,  135.1804
   47.6600,  135.3670
   47.6800,  135.4258
   47.7000,  135.3698
   47.7200,  135.4505
   47.7400,  135.3982
   47.7600,  135.3403
   47.7800,  135.3564
   47.8000,  135.3712
   47.8200,  135.3072
   47.8400,  135.5630
   47.8600,  135.5930
   47.8800,  135.3616
   47.9000,  135.5855
   47.9200,  135.5209
   47.9400,  135.4224
   47.9600,  135.4991
   47.9800,  135.5537
   48.0000,  135.4184
   48.0200,  135.5836
   48.0400,  135.4591
   48.0600,  135.3303
   48.0800,  135.4314
   48.1000,  135.3431
   48.1200,  135.1828
   48.1400,  135.3472
   48.1600,  135.2963
   48.1800,  135.0363
   48.2000,  135.1430
   48.2200,  135.0766
   48.2400,  134.9429
   48.2600,  134.9902
   48.2800,  134.9454
   48.3000,  134.7975
   48.3200,  134.8912
   48.3400,  134.9487
   48.3600,  134.7926
   48.3800,  134.9933
   48.4000,  135.0406
   48.4200,  134.9197
   48.4400,  135.2918
   48.4600,  135.4022
   48.4800,  135.3599
   48.5000,  135.6329
   48.5200,  135.4892
   48.5400,  135.3894
   48.5600,  135.4840
   48.5800,  135.4609
   48.6000,  135.3775
   48.6200,  135.5088
   48.6400,  135.5491
   48.6600,  135.3861
   48.6800,  135.5187
   48.7000,  135.4884
   48.7200,  135.2949
   48.7400,  135.3952
   48.7600,  135.4128
   48.7800,  135.2854
   48.8000,  135.2661
   48.8200,  135.4356
   48.8400,  135.2116
   48.8600,  135.2554
   48.8800,  135.1724
   48.9000,  135.0912
   48.9200,  135.1537
   48.9400,  135.0798
   48.9600,  134.9147
   48.9800,  135.2486
   49.0000,  135.1955
   49.0200,  135.0938
   49.0400,  135.2889
   49.0600,  135.2028
   49.0800,  134.8294
   49.1000,  134.8325
   49.1200,  134.8714
   49.1400,  134.6327
   49.1600,  134.7905
   49.1800,  134.7504
   49.2000,  134.7465
   49.2200,  135.0094
   49.2400,  135.1604
   49.2600,  135.1383
   49.2800,  135.3036
   49.3000,  135.3430
   49.3200,  135.2658
   49.3400,  135.2966
   49.3600,  135.3856
   49.3800,  135.2539
   49.4000,  135.4423
   49.4200,  135.4023
   49.4400,  135.3083
   49.4600,  135.5417
   49.4800,  135.6364
   49.5000,  135.5825
   49.5200,  135.7013
   49.5400,  135.6423
   49.5600,  135.4704
   49.5800,  135.5761
   49.6000,  135.6243
   49.6200,  135.4934
   49.6400,  135.5712
   49.6600,  135.4159
   49.6800,  135.2699
   49.7000,  135.2723
   49.7200,  135.2282
   49.7400,  135.2369
   49.7600,  135.3283
   49.7800,  135.3751
   49.8000,  135.1785
   49.8200,  135.2547
   49.8400,  135.2845
   49.8600,  135.0912
   49.8800,  135.1666
   49.9000,  135.0909
   49.9200,  134.8625
   49.9400,  135.2438
   49.9600,  135.2179
   49.9800,  135.0444
   50.0000,  135.3499
   50.0200,  135.3539
   50.0400,  135.4335
   50.0600,  135.6175
   50.0800,  135.6990
   50.1000,  135.7051
   50.1200,  135.7607
   50.1400,  135.7293
   50.1600,  135.6475
   50.1800,  135.7313
   50.2000,  135.7818
   50.2200,  135.7284
   50.2400,  135.9511
   50.2600,  135.8167
   50.2800,  135.7495
   50.3000,  135.9987
   50.3200,  135.8400
   50.3400,  135.7614
   50.3600,  135.9580
   50.3800,  135.8895
   50.4000,  135.8419
   50.4200,  135.9357
   50.4400,  135.8365
   50.4600,  135.7906
   50.4800,  135.8772
   50.5000,  135.8506
   50.5200,  135.6384
   50.5400,  135.8200
   50.5600,  135.7139
   50.5800,  135.5388
   50.6000,  135.6020
   50.6200,  135.5757
   50.6400,  135.3957
   50.6600,  135.4374
   50.6800,  135.5338
   50.7000,  135.3441
   50.7200,  135.4304
   50.7400,  135.4078
   50.7600,  135.2016
   50.7800,  135.4490
   50.8000,  135.4263
   50.8200,  135.4324
   50.8400,  135.6535
   50.8600,  135.7847
   50.8800,  135.7803
   50.9000,  136.1264
   50.9200,  136.1548
   50.9400,  136.0017
   50.9600,  136.1648
   50.9800,  136.1249
   51.0000,  136.0124
   51.0200,  136.1394
   51.0400,  136.1979
   51.0600,  136.0104
   51.0800,  136.1658
   51.1000,  136.1645
   51.1200,  136.0959
   51.1400,  136.1231
   51.1600,  136.1897
   51.1800,  136.0041
   51.2000,  136.1171
   51.2200,  136.1657
   51.2400,  135.9997
   51.2600,  136.0368
   51.2800,  136.0696
   51.3000,  135.8372
   51.3200,  135.9121
   51.3400,  136.0021
   51.3600,  135.7998
   51.3800,  135.8074
   51.4000,  135.7852
   51.4200,  135.6022
   51.4400,  135.7516
   51.4600,  135.7257
   51.4800,  135.5840
   51.5000,  135.5731
   51.5200,  135.6129
   51.5400,  135.5067
